TIME,OBS
0.083,1.0751195214711664
0.333,0.5715724946757753
2.5,0.04746587924059484
4.666,0.010059919432014786
4.833,0.00663207995039341
5.0,0.005304688210907444
