Parameter,Optimised,True
"K_{cl}, L/hr",2.800020232240447,2.8
"\log(V_{c, typ})",0.056674103201821424,-0.3856624808119846
\omega_{V_c},0.35016544211031486,0.3
"K_1, L/hr",2.300008603854781,2.3
"V_1, L",4.899963444323434,4.9
"\sigma_{m, PK}",4.414355413067868e-05,0.0
