Parameter,Run 1,Run 2,Run 3,Run 4,Run 5,Run 6,Run 7,Run 8,Run 9,Run 10,Mean,True
"S, L/mg",20.05689596146394,33.2367293799166,17.09545454981231,20.428221739953994,20.157860365554843,32.43458712132182,17.270773890838225,27.53308848213228,1.8882616971940662,41.187197143610646,23.12890703317987,20.0
"K_{cl}, L/hr",2.8029862815148343,2.8039252698867747,2.8037356969998055,2.803807952926731,2.8039419707847077,2.803762823738424,2.803993737579156,2.8036099535261294,2.8038185485237688,2.8050765705443554,2.8038658806024683,2.8
"V_c_typ, L",-0.3759989852113588,-0.37257861173098183,-0.37560204293175864,-0.3760451220235869,-0.37638873064498973,-0.37720727133105625,-0.3759930593070338,-0.3748053737745011,-0.24688685956520334,-0.3750676131546541,-0.3626573669675125,0.68
omega_V_c,0.3213256680421467,0.3221745789691876,0.3195145257686676,0.31576938641067015,0.3198150579102495,0.32046778221405275,0.3211308313478418,0.32160198294932646,71.67706659658428,0.3201083961443785,7.45589748063408,0.3
"R_0, 10^3/mu L",991.8616515575568,1927.1001058076781,1464.4489731052913,600.9648346567317,983.294516938666,2646.938690140443,1479.3683330303634,1192.7968131264413,1987.6283849575964,491.3557009724609,1376.5758004293227,983.1
gamma,0.42967458698727723,0.0481378085237,0.015189362673740206,2.262880651090317,0.43670781248446927,0.02784964819242625,0.052736159887622015,0.14607066762411622,0.0014024263853334592,0.7824330781910529,0.42030822020400543,0.44
"MTT, hr",84.50757456952411,61.903670179524234,123.66813898262382,138.21708254783556,85.06421446975263,25.9363427579801,67.785713673312,158.53974840682378,5.930207132006943,108.19181513871607,85.9744507858099,85.26
"sigma_{c, PD}",43.23581990253204,1548.3418582291058,459.15165890811613,299.0506558681984,41.999830140085415,16695.1523166588,668.3642066843038,7747.878052802049,498.5601456439691,379.0056782616061,2838.074022309876,42.43
Log-posterior,-2708.7898871119073,-9826.630665233493,-7909.463439025059,-7101.497794678167,-2672.0866454837674,-15033.569703878975,-8148.412041149745,-13301.931249269923,-8585.878156846988,-7781.458693388197,nan,nan
