Parameter,Run 1,Run 2,Run 3,Run 4,Run 5,Run 6,Run 7,Run 8,Run 9,Run 10,Mean,True
"S, \ textrm{L}/\ textrm{mg}",20.114408925892874,20.107424895572876,20.135657089138213,20.124975709253455,20.13521677896116,20.13978175005029,20.14704323363151,20.13424228459283,20.14546804419255,30.41146826619548,21.15956869774812,20.0
"\log(V_{c, typ})",-0.3765470394720774,-0.3749307217005906,-0.369963981298051,-0.3790298303617714,-0.3784421265741515,-0.3615717477422433,-0.38120153852892064,-0.37238091549128993,-0.3694188294115308,-0.3753253360912743,-0.3738812066671901,-0.3856624808119846
\omega_{V_c},0.32544904038232786,0.32210343362394417,0.3200431619206292,0.3201618323852044,0.3177010818403721,0.3211140114048288,0.32080010747979915,0.3171479257266622,0.3255905225286948,0.31809478726416257,0.3208205904556626,0.3
"R_0, 10^3/\mu \ textrm{L}",983.3938926738118,983.4312749184288,983.355983127963,983.1759759863078,983.5100411554524,983.4012928251346,983.3516031190678,983.4278585532016,983.4124883020053,973.461085246459,982.3921495907832,983.1
\gamma,0.4373075334781945,0.4372937292843881,0.4365958014827306,0.43720591334587977,0.4363331944803044,0.4366026089072044,0.436286766426557,0.4364662756328677,0.43653401698980204,0.20867105328954075,0.41392968933174695,0.44
"MTT, \ textrm{hr}",85.11723829525674,85.10268899658826,85.06396536908555,85.10550428386878,85.0464451144531,85.06245995394204,85.03755066467498,85.04806194888494,85.06976494714014,901.6619010535806,166.73155806274752,85.26
"\sigma_{c, PD}",41.940637258607566,41.83119790103643,41.91409868266361,41.94014641482109,41.85838223688194,41.92098330867038,41.96395478793203,41.945841329079954,41.9804476633577,262.86989778051833,64.01655873635691,42.43
