Parameter,Run 1,Run 2,Run 3,Run 4,Run 5,Run 6,Run 7,Run 8,Run 9,Run 10,Mean,True
"S, L/mg",20.140993522392105,20.170472532042076,4.904103567226701,20.115714955695744,52.24303333633366,20.11171595160565,20.15076697033022,13.09610861449868,20.12875482033257,20.153209797639878,21.121487406809727,20.0
"K_{cl}, L/hr",2.804044614993331,2.8042486681895906,2.8042825442037667,2.8037540957577978,2.8042826096789932,2.80333978782373,2.804386510936422,2.8041275162272994,2.8037115693212162,2.80486542807505,2.80410433452072,2.8
"V_c_typ, L",-0.35550145488254237,-0.3633630708558401,-0.3797348764999336,-0.38407588346255755,-0.3746325548764131,-0.3650052044606541,-0.3770112841253017,-0.3757743962816958,-0.3571832631628321,-0.3643022877264486,-0.36965842763342194,0.68
omega_V_c,0.3259825940083049,0.31569401860901064,0.321395201992432,0.31941420227105144,0.32126256015328636,0.3111922149578809,0.32058613104204553,0.3212982106416367,0.32443820262455436,0.32131041190460174,0.3202573748204805,0.3
"R_0, 10^3/mu L",983.3223934361179,983.4570182757695,971.789392584319,983.4060995607198,973.6503868167146,983.2713529363987,983.4316257503458,972.2190025916757,983.4008750087768,983.3172543932717,980.126540135411,983.1
gamma,0.43659388327496046,0.43623001455414334,0.4509375529688925,0.43760081560516995,0.08962760896001175,0.4374103090946555,0.43644143789562123,0.39978160193686274,0.4368863229637016,0.4366279743414332,0.3998137521595452,0.44
"MTT, hr",85.05941713716818,85.02926922803523,632.3098267992364,85.12034320966382,1024.0629742568156,85.1202852485476,85.05268751640159,807.7788239630676,85.07742813802649,85.05681264411841,305.9667868141081,85.26
"sigma_{c, PD}",42.01259600948717,42.01220407451572,263.12578085754905,41.896058511457845,262.74898802189773,41.9762033913268,41.99285127908482,262.8399508825003,42.06361307621007,41.95435153575352,108.26225976397828,42.43
Log-posterior,-2671.048566480293,-2671.0516735998267,-6816.530395623139,-2671.0512862458886,-6817.259914346185,-2671.03159732011,-2670.8648060830897,-6813.759942019159,-2670.8540141399976,-2670.8297046623616,nan,nan
