Parameter,Optimised,True
"S, \ textrm{L}/\ textrm{mg}",964.886043416262,20.0
"K_{cl}, L/hr",1.0000000000000004,2.8
"V_c, L - Log mean",-0.179655406478472,-0.3856624808119846
"V_c, L - standard deviation",1.0000000000000004,0.3
"K_1, L/hr",0.15,2.3
"V_1, L",1.029204388130112,4.9
"R_0, 10^3/\mu \ textrm{L}",55.20000000000002,983.1
\gamma,0.158113883008419,0.44
"MTT, \ textrm{hr}",1.0000000000000004,85.26
"\sigma_{m, PK}",0.010000000000000004,0.091
"\sigma_{c, PD}",0.9822861311330128,42.43
