Parameter,Optimised,True
"S, \ textrm{L}/\ textrm{mg}",20.270215623664498,20.0
"K_{cl}, L/hr",2.8187293040691985,2.8
"\log(V_{c, typ})",-0.36253134516251295,-0.3856624808119846
\omega_{V_c},0.32373459811082766,0.3
"K_1, L/hr",2.343716110906409,2.3
"V_1, L",4.960128757801381,4.9
"R_0, 10^3/\mu \ textrm{L}",983.4801098859958,983.1
\gamma,0.4364513143170212,0.44
"MTT, \ textrm{hr}",85.05120432142732,85.26
"\sigma_{m, PK}",0.0879703723404693,0.091
"\sigma_{c, PD}",41.96298625298114,42.43
