Parameter,Run 1,Run 2,Run 3,Run 4,Run 5,Run 6,Run 7,Run 8,Run 9,Run 10,Mean,True
"S, L/mg",20.159911996855378,20.157999494137997,20.150159316125013,20.126356284345157,20.16751632186372,3.9649696562554353,20.167500156994247,20.13093670910692,20.15552313289693,20.124702889852923,18.530557595843373,20.0
"K_{cl}, L/hr",2.8037891840027735,2.80429600212131,2.8040158660489505,2.8040929381489303,2.8038455211073217,2.8039150771959944,2.8044652113436985,2.8037249677583813,2.804261384510402,2.8036708319129278,2.8040076984150692,2.8
"V_c_typ, L",-0.3677881789135638,-0.3679136592765537,-0.3761256302643623,-0.37217188911500065,-0.3749084471847771,-0.3744929919685401,-0.3671464988616748,-0.38956986333219146,-0.37970155434035374,-0.3710937044056601,-0.3740912417662678,0.68
omega_V_c,0.3287957196765231,0.3261463189080043,0.3227676155657782,0.31756515664436535,0.32134911606487476,0.3192941014778346,0.32048099696264093,0.32132340093376505,0.32382867890677186,0.32123386979064183,0.32227849749312,0.3
"R_0, 10^3/mu L",983.334035907076,983.5921978847509,983.5407333502222,983.3624817224746,983.3396991204918,971.3539627952232,983.3592251566218,983.2738823743459,983.389141834631,983.3722747379563,982.1917634883794,983.1
gamma,0.4362610970340187,0.43594378218910323,0.4365345590910356,0.4373247078534473,0.4361617768655688,4.111511519618928,0.43633999826201303,0.4372199994522637,0.43676011188009795,0.4367671590487766,0.8040824711295252,0.44
"MTT, hr",85.03996490433794,85.01483249577585,85.06291176955062,85.11654201690598,85.02641857232888,620.9739989751262,85.04375133072672,85.1064618716036,85.08277982007009,85.08117992233045,138.65488416787565,85.26
"sigma_{c, PD}",41.92037218338719,41.995632669854345,41.878133429949855,41.95923576174456,41.97682174335944,263.12577308285756,41.913815326515035,41.866700634534254,42.01771420025695,41.847208392486536,64.05014074249458,42.43
Log-posterior,-2671.0533574709852,-2670.89443933295,-2671.0336343004765,-2671.111834569072,-2671.0260973371687,-6819.401534451267,-2670.618824640264,-2670.9429453296307,-2670.930593516655,-2671.171738307638,nan,nan
