Parameter,Run 1,Run 2,Run 3,Run 4,Run 5,Run 6,Run 7,Run 8,Run 9,Run 10,Mean,True
"S, \ textrm{L}/\ textrm{mg}",19.929931425326984,19.928142343050478,19.92785596731599,19.927162123575066,0.4466180462072403,19.925524729394315,26.237134461134254,5.369874204258093,21.67908305024616,19.92746894433966,17.329879529484824,20.0
"\log(V_{c, typ})",1.328867196967375,-0.5264280745841169,1.3287138451778289,-0.23861471304496537,1.3279561473296821,0.6353898174788838,1.3279920264549399,1.1416023622088705,1.3281858541142713,-2.0489977239359183,0.5604666738166851,-0.3856624808119846
\omega_{V_c},0.05154615155072275,2.0904365358904853,0.051712150070356705,3.370105488417304,0.05174072071795439,1.9001396308878324,0.051974384213186606,3.7243853119018255,0.05198991025210651,3.8224420382091404,1.5166472322110915,0.3
"R_0, 10^3/\mu \ textrm{L}",983.2652866826535,983.2369596548308,983.278605207383,983.3090845739033,970.940798004142,983.2782026977369,971.846145264455,968.3422645111315,972.8419951101021,983.2843503894245,978.3623692095762,983.1
\gamma,0.44165472557356483,0.44160663830002367,0.44161868368388196,0.4415891428812472,0.30149703345938006,0.4415272020560624,0.38223338945519725,0.20620853626975563,0.9093852985937814,0.4416409676546311,0.4448961617927525,0.44
"MTT, \ textrm{hr}",85.35177099027865,85.34465304110013,85.34353272039957,85.3425257216203,18.26914607681637,85.33568076206772,1002.4538840151275,4.873770870820269,863.2615150682936,85.34363946711711,240.09201187336413,85.26
"\sigma_{c, PD}",42.068534009804054,41.9522677651115,41.97618965590445,41.93204054387947,263.48005008157907,42.038954677869,262.84606041604724,284.69688523812545,262.8853967625351,41.98152881951062,132.58579079703662,42.43
