Parameter,Constant noise,Relative noise,Relative noise.1,Combined noise,Combined noise.1,Actual parameters
"R_0, 10^3/\mu \ textrm{L}",987.9153433769046,988.257805241622,987.9128493088318,988.2578061941977,988.265991236078,983.1
"MTT, \ textrm{hr}",86.75614570850146,85.62993357520011,85.45586735730134,85.62993264935893,85.53686384208004,85.26
\gamma,0.4501987491818698,0.4400010161973529,0.4386644408901362,0.4400010054475536,0.4389292200896302,0.44
"S, \ textrm{L}/\ textrm{mg}",19.324406128248896,19.25435795501804,18.95353219888728,19.254357959269083,19.214238145491866,20.0
"\sigma_{c, PD}",166.6361168675493,,,0.001000000005489,33.93799657107914,42.43
\eta,,0.7575683304108407,,0.7575727382450593,,1.0
"\sigma_{m, PD}",,0.9004357372741195,0.1708911347162025,0.9004029265937649,0.1345376898239927,0.13
likelihood,2696.5089364320447,3330.70179761535,3127.520806983035,3126.5336646904047,3126.7870174937816,
