Parameter,Constant noise,Multiplicative noise,Multiplicative noise.1,Combined noise,Combined noise.1,Actual parameters
"R_0, 10^3/\mu \ textrm{L}",987.9737279088308,988.2715110575746,987.9412484705381,988.2723406084223,988.2798841267099,983.1
"MTT, \ textrm{hr}",86.73543693792122,85.66338808963611,85.48257998465174,85.66377402302105,85.57091382539708,85.26
\gamma,0.44991957570345514,0.4404635727666218,0.4390159755358051,0.4404679308142527,0.43939662110806665,0.44
"S, \ textrm{L}/\ textrm{mg}",19.348386222391575,19.264087914377544,18.963118239167727,19.264116308582953,19.223676631110607,20.0
"\sigma_{c, PD}",166.6351482916658,,,0.0011178929961927525,33.9349135754626,42.43
\eta,,0.757558335281365,,0.7575631083715838,,1.0
"\sigma_{m, PD}",,0.9004877483222062,0.17088925592526574,0.9004532183815939,0.13453906000906884,0.13
likelihood,-2696.5061442722294,-3126.5279661965624,-3127.5151912322804,-3126.5279716006175,-3126.781495041324,
